{
    "name": "root",
    "gauges": {
        "Jumper.Policy.Entropy.mean": {
            "value": 0.0238949041813612,
            "min": 0.022302089259028435,
            "max": 0.6351088881492615,
            "count": 10
        },
        "Jumper.Environment.EpisodeLength.mean": {
            "value": 9684.8,
            "min": 32.17175066312998,
            "max": 9874.333333333334,
            "count": 10
        },
        "Jumper.Policy.ExtrinsicValueEstimate.mean": {
            "value": 0.05621747672557831,
            "min": -0.4958178997039795,
            "max": 0.05621747672557831,
            "count": 10
        },
        "Jumper.Environment.CumulativeReward.mean": {
            "value": 6.460000115633011,
            "min": -0.7581143643839466,
            "max": 6.866666783889134,
            "count": 10
        },
        "Jumper.Policy.ExtrinsicReward.mean": {
            "value": 6.460000115633011,
            "min": -0.7581143643839466,
            "max": 6.866666783889134,
            "count": 10
        },
        "Jumper.Losses.ValueLoss.mean": {
            "value": 0.0010157659417018294,
            "min": 0.0007625689031556249,
            "max": 0.15803296864032745,
            "count": 10
        },
        "Jumper.Losses.PolicyLoss.mean": {
            "value": 0.022968705743551254,
            "min": 0.022031692788004875,
            "max": 0.024924810975790024,
            "count": 10
        },
        "Jumper.Policy.LearningRate.mean": {
            "value": 1.647682256589178e-05,
            "min": 1.647682256589178e-05,
            "max": 0.00028463357011787593,
            "count": 10
        },
        "Jumper.Policy.Epsilon.mean": {
            "value": 0.1054922491312027,
            "min": 0.1054922491312027,
            "max": 0.19487789273262024,
            "count": 10
        },
        "Jumper.Policy.Beta.mean": {
            "value": 0.00028406287310644984,
            "min": 0.00028406287310644984,
            "max": 0.004744404926896095,
            "count": 10
        },
        "Jumper.IsTraining.mean": {
            "value": 1.0,
            "min": 1.0,
            "max": 1.0,
            "count": 10
        }
    },
    "metadata": {
        "timer_format_version": "0.1.0",
        "start_time_seconds": "1606478275",
        "python_version": "3.8.5 (default, Sep  3 2020, 21:29:08) [MSC v.1916 64 bit (AMD64)]",
        "command_line_arguments": "C:\\Users\\dtktu\\.conda\\envs\\unity_vr\\Scripts\\mlagents-learn Jumper-01.yml --run-id jumper05",
        "mlagents_version": "0.20.0",
        "mlagents_envs_version": "0.20.0",
        "communication_protocol_version": "1.1.0",
        "tensorflow_version": "2.3.1",
        "numpy_version": "1.18.5",
        "end_time_seconds": "1606479746"
    },
    "total": 1471.2726207,
    "count": 1,
    "self": 0.1953033999998297,
    "children": {
        "run_training.setup": {
            "total": 0.010749099999999956,
            "count": 1,
            "self": 0.010749099999999956
        },
        "TrainerController.start_learning": {
            "total": 1471.0665682000001,
            "count": 1,
            "self": 4.262791000036259,
            "children": {
                "TrainerController._reset_env": {
                    "total": 8.13921,
                    "count": 1,
                    "self": 8.13921
                },
                "TrainerController.advance": {
                    "total": 1456.866495899964,
                    "count": 210535,
                    "self": 1.9415930999882676,
                    "children": {
                        "env_step": {
                            "total": 1454.9249027999758,
                            "count": 210535,
                            "self": 1343.4877260999554,
                            "children": {
                                "SubprocessEnvManager._take_step": {
                                    "total": 109.17683310001283,
                                    "count": 210535,
                                    "self": 3.5918691999999197,
                                    "children": {
                                        "TFPolicy.evaluate": {
                                            "total": 105.58496390001291,
                                            "count": 209028,
                                            "self": 105.58496390001291
                                        }
                                    }
                                },
                                "workers": {
                                    "total": 2.2603436000076105,
                                    "count": 210535,
                                    "self": 0.0,
                                    "children": {
                                        "worker_root": {
                                            "total": 1458.1916547000133,
                                            "count": 210535,
                                            "is_parallel": true,
                                            "self": 281.03242590002446,
                                            "children": {
                                                "steps_from_proto": {
                                                    "total": 0.00035960000000034853,
                                                    "count": 1,
                                                    "is_parallel": true,
                                                    "self": 0.00014779999999969817,
                                                    "children": {
                                                        "_process_vector_observation": {
                                                            "total": 0.00021180000000065036,
                                                            "count": 4,
                                                            "is_parallel": true,
                                                            "self": 0.00021180000000065036
                                                        }
                                                    }
                                                },
                                                "UnityEnvironment.step": {
                                                    "total": 1177.1588691999889,
                                                    "count": 210535,
                                                    "is_parallel": true,
                                                    "self": 10.378361300044844,
                                                    "children": {
                                                        "UnityEnvironment._generate_step_input": {
                                                            "total": 24.775010899968883,
                                                            "count": 210535,
                                                            "is_parallel": true,
                                                            "self": 24.775010899968883
                                                        },
                                                        "communicator.exchange": {
                                                            "total": 1092.664978599996,
                                                            "count": 210535,
                                                            "is_parallel": true,
                                                            "self": 1092.664978599996
                                                        },
                                                        "steps_from_proto": {
                                                            "total": 49.34051839997922,
                                                            "count": 210535,
                                                            "is_parallel": true,