{
    "name": "root",
    "gauges": {
        "CarPooling.Policy.Entropy.mean": {
            "value": 0.6842878460884094,
            "min": 0.6842878460884094,
            "max": 0.6842878460884094,
            "count": 1
        },
        "CarPooling.Environment.EpisodeLength.mean": {
            "value": 173.4568345323741,
            "min": 173.4568345323741,
            "max": 173.4568345323741,
            "count": 1
        },
        "CarPooling.Policy.ExtrinsicValueEstimate.mean": {
            "value": 0.34717610478401184,
            "min": 0.34717610478401184,
            "max": 0.34717610478401184,
            "count": 1
        },
        "CarPooling.Environment.CumulativeReward.mean": {
            "value": 0.22086332004061707,
            "min": 0.22086332004061707,
            "max": 0.22086332004061707,
            "count": 1
        },
        "CarPooling.Policy.ExtrinsicReward.mean": {
            "value": 0.22086332004061707,
            "min": 0.22086332004061707,
            "max": 0.22086332004061707,
            "count": 1
        },
        "CarPooling.Losses.ValueLoss.mean": {
            "value": 0.02377014048397541,
            "min": 0.02377014048397541,
            "max": 0.02377014048397541,
            "count": 1
        },
        "CarPooling.Losses.PolicyLoss.mean": {
            "value": 0.024065818637609482,
            "min": 0.024065818637609482,
            "max": 0.024065818637609482,
            "count": 1
        },
        "CarPooling.Policy.LearningRate.mean": {
            "value": 0.0002846169227268547,
            "min": 0.0002846169227268547,
            "max": 0.0002846169227268547,
            "count": 1
        },
        "CarPooling.Policy.Epsilon.mean": {
            "value": 0.19487228989601135,
            "min": 0.19487228989601135,
            "max": 0.19487228989601135,
            "count": 1
        },
        "CarPooling.Policy.Beta.mean": {
            "value": 0.004744127858430147,
            "min": 0.004744127858430147,
            "max": 0.004744127858430147,
            "count": 1
        },
        "CarPooling.IsTraining.mean": {
            "value": 1.0,
            "min": 1.0,
            "max": 1.0,
            "count": 1
        }
    },
    "metadata": {
        "timer_format_version": "0.1.0",
        "start_time_seconds": "1605726675",
        "python_version": "3.8.5 (default, Sep  3 2020, 21:29:08) [MSC v.1916 64 bit (AMD64)]",
        "command_line_arguments": "C:\\Users\\dtktu\\.conda\\envs\\unity_vr\\Scripts\\mlagents-learn jumper-config.yml --run-id jumper03",
        "mlagents_version": "0.20.0",
        "mlagents_envs_version": "0.20.0",
        "communication_protocol_version": "1.1.0",
        "tensorflow_version": "2.3.1",
        "numpy_version": "1.18.5",
        "end_time_seconds": "1605726795"
    },
    "total": 119.330518,
    "count": 1,
    "self": 0.004274800000004575,
    "children": {
        "run_training.setup": {
            "total": 0.006243199999999893,
            "count": 1,
            "self": 0.006243199999999893
        },
        "TrainerController.start_learning": {
            "total": 119.32,
            "count": 1,
            "self": 0.348120999999864,
            "children": {
                "TrainerController._reset_env": {
                    "total": 23.6739675,
                    "count": 1,
                    "self": 23.6739675
                },
                "TrainerController.advance": {
                    "total": 93.19825220000013,
                    "count": 13744,
                    "self": 0.12364950000031172,
                    "children": {
                        "env_step": {
                            "total": 93.07460269999982,
                            "count": 13744,
                            "self": 85.09435789999762,
                            "children": {
                                "SubprocessEnvManager._take_step": {
                                    "total": 7.840337600001504,
                                    "count": 13744,
                                    "self": 0.25239360000096767,
                                    "children": {
                                        "TFPolicy.evaluate": {
                                            "total": 7.587944000000537,
                                            "count": 13744,
                                            "self": 7.587944000000537
                                        }
                                    }
                                },
                                "workers": {
                                    "total": 0.139907200000696,
                                    "count": 13743,
                                    "self": 0.0,
                                    "children": {
                                        "worker_root": {
                                            "total": 94.41285689999965,
                                            "count": 13743,
                                            "is_parallel": true,
                                            "self": 23.30577960000059,
                                            "children": {
                                                "steps_from_proto": {
                                                    "total": 0.00032670000000223354,
                                                    "count": 1,
                                                    "is_parallel": true,
                                                    "self": 0.00013950000000306773,
                                                    "children": {
                                                        "_process_vector_observation": {
                                                            "total": 0.0001871999999991658,
                                                            "count": 2,
                                                            "is_parallel": true,
                                                            "self": 0.0001871999999991658
                                                        }
                                                    }
                                                },
                                                "UnityEnvironment.step": {
                                                    "total": 71.10675059999906,
                                                    "count": 13743,
                                                    "is_parallel": true,
                                                    "self": 0.6959484999974848,
                                                    "children": {
                                                        "UnityEnvironment._generate_step_input": {
                                                            "total": 2.6915315000000923,
                                                            "count": 13743,
                                                            "is_parallel": true,
                                                            "self": 2.6915315000000923
                                                        },
                                                        "communicator.exchange": {
                                                            "total": 64.47065410000059,
                                                            "count": 13743,
                                                            "is_parallel": true,
                                                            "self": 64.47065410000059
                                                        },
                                                        "steps_from_proto": {
                                                            "total": 3.2486165000008995,
                                                            "count": 13743,
                                                            "is_parallel": true,