{
    "name": "root",
    "gauges": {
        "Jumper.Policy.Entropy.mean": {
            "value": 0.03053363226354122,
            "min": 0.03003556840121746,
            "max": 0.6521071791648865,
            "count": 10
        },
        "Jumper.Environment.EpisodeLength.mean": {
            "value": 928.0689655172414,
            "min": 29.090357792601576,
            "max": 928.0689655172414,
            "count": 10
        },
        "Jumper.Policy.ExtrinsicValueEstimate.mean": {
            "value": -0.11891766637563705,
            "min": -0.47975435853004456,
            "max": -0.11891766637563705,
            "count": 10
        },
        "Jumper.Environment.CumulativeReward.mean": {
            "value": -0.5568965443506323,
            "min": -0.7774327030833463,
            "max": -0.5319999916851521,
            "count": 10
        },
        "Jumper.Policy.ExtrinsicReward.mean": {
            "value": -0.5568965443506323,
            "min": -0.7774327030833463,
            "max": -0.5319999916851521,
            "count": 10
        },
        "Jumper.Losses.ValueLoss.mean": {
            "value": 0.00689645204693079,
            "min": 0.006741079036146402,
            "max": 0.16958001255989075,
            "count": 10
        },
        "Jumper.Losses.PolicyLoss.mean": {
            "value": 0.023694295436143875,
            "min": 0.02156122215092182,
            "max": 0.02661179006099701,
            "count": 10
        },
        "Jumper.Policy.LearningRate.mean": {
            "value": 1.631445593375247e-05,
            "min": 1.631445593375247e-05,
            "max": 0.00028461587498895824,
            "count": 10
        },
        "Jumper.Policy.Epsilon.mean": {
            "value": 0.10543809831142426,
            "min": 0.10543809831142426,
            "max": 0.1948719471693039,
            "count": 10
        },
        "Jumper.Policy.Beta.mean": {
            "value": 0.00028136218315921724,
            "min": 0.00028136218315921724,
            "max": 0.0047441101633012295,
            "count": 10
        },
        "Jumper.IsTraining.mean": {
            "value": 1.0,
            "min": 1.0,
            "max": 1.0,
            "count": 10
        }
    },
    "metadata": {
        "timer_format_version": "0.1.0",
        "start_time_seconds": "1605793158",
        "python_version": "3.8.5 (default, Sep  3 2020, 21:29:08) [MSC v.1916 64 bit (AMD64)]",
        "command_line_arguments": "C:\\Users\\dtktu\\.conda\\envs\\unity_vr\\Scripts\\mlagents-learn Jumper-01.yml --run-id Jumper03",
        "mlagents_version": "0.20.0",
        "mlagents_envs_version": "0.20.0",
        "communication_protocol_version": "1.1.0",
        "tensorflow_version": "2.3.1",
        "numpy_version": "1.18.5",
        "end_time_seconds": "1605793777"
    },
    "total": 619.309843,
    "count": 1,
    "self": 0.19040050000012343,
    "children": {
        "run_training.setup": {
            "total": 0.005089400000000133,
            "count": 1,
            "self": 0.005089400000000133
        },
        "TrainerController.start_learning": {
            "total": 619.1143530999999,
            "count": 1,
            "self": 1.7727289999988898,
            "children": {
                "TrainerController._reset_env": {
                    "total": 9.1790576,
                    "count": 1,
                    "self": 9.1790576
                },
                "TrainerController.advance": {
                    "total": 606.237870800001,
                    "count": 91143,
                    "self": 0.8255408000087527,
                    "children": {
                        "env_step": {
                            "total": 605.4123299999923,
                            "count": 91143,
                            "self": 554.5623060999867,
                            "children": {
                                "SubprocessEnvManager._take_step": {
                                    "total": 49.900752700008255,
                                    "count": 91143,
                                    "self": 1.6497188000154779,
                                    "children": {
                                        "TFPolicy.evaluate": {
                                            "total": 48.25103389999278,
                                            "count": 90437,
                                            "self": 48.25103389999278
                                        }
                                    }
                                },
                                "workers": {
                                    "total": 0.9492711999973036,
                                    "count": 91143,
                                    "self": 0.0,
                                    "children": {
                                        "worker_root": {
                                            "total": 607.435448299994,
                                            "count": 91143,
                                            "is_parallel": true,
                                            "self": 143.39407049998164,
                                            "children": {
                                                "steps_from_proto": {
                                                    "total": 0.00024759999999979243,
                                                    "count": 1,
                                                    "is_parallel": true,
                                                    "self": 0.0001297999999998467,
                                                    "children": {
                                                        "_process_vector_observation": {
                                                            "total": 0.00011779999999994573,
                                                            "count": 2,
                                                            "is_parallel": true,
                                                            "self": 0.00011779999999994573
                                                        }
                                                    }
                                                },
                                                "UnityEnvironment.step": {
                                                    "total": 464.0411302000124,
                                                    "count": 91143,
                                                    "is_parallel": true,
                                                    "self": 4.374233399996683,
                                                    "children": {
                                                        "UnityEnvironment._generate_step_input": {
                                                            "total": 16.00896990000443,
                                                            "count": 91143,
                                                            "is_parallel": true,
                                                            "self": 16.00896990000443
                                                        },
                                                        "communicator.exchange": {
                                                            "total": 426.2152472000004,
                                                            "count": 91143,
                                                            "is_parallel": true,
                                                            "self": 426.2152472000004
                                                        },
                                                        "steps_from_proto": {
                                                            "total": 17.442679700010856,
                                                            "count": 91143,
                                                            "is_parallel": true,