{
    "name": "root",
    "gauges": {
        "Jumper.Policy.Entropy.mean": {
            "value": 0.015558898448944092,
            "min": 0.015558898448944092,
            "max": 0.6670736074447632,
            "count": 10
        },
        "Jumper.Environment.EpisodeLength.mean": {
            "value": 1384.0833333333333,
            "min": 26.86842105263158,
            "max": 1384.0833333333333,
            "count": 10
        },
        "Jumper.Policy.ExtrinsicValueEstimate.mean": {
            "value": -0.03081427328288555,
            "min": -0.5951892137527466,
            "max": -0.03081427328288555,
            "count": 10
        },
        "Jumper.Environment.CumulativeReward.mean": {
            "value": -0.11249998304992914,
            "min": -0.7585994325933002,
            "max": -0.11249998304992914,
            "count": 10
        },
        "Jumper.Policy.ExtrinsicReward.mean": {
            "value": -0.11249998304992914,
            "min": -0.7585994325933002,
            "max": -0.11249998304992914,
            "count": 10
        },
        "Jumper.Losses.ValueLoss.mean": {
            "value": 0.004188085440546274,
            "min": 0.004188085440546274,
            "max": 0.05050396919250488,
            "count": 10
        },
        "Jumper.Losses.PolicyLoss.mean": {
            "value": 0.024582911282777786,
            "min": 0.021005824208259583,
            "max": 0.02534494921565056,
            "count": 10
        },
        "Jumper.Policy.LearningRate.mean": {
            "value": 1.6171181414392777e-05,
            "min": 1.6171181414392777e-05,
            "max": 0.00028458976885303855,
            "count": 10
        },
        "Jumper.Policy.Epsilon.mean": {
            "value": 0.10539036989212036,
            "min": 0.10539036989212036,
            "max": 0.1948632299900055,
            "count": 10
        },
        "Jumper.Policy.Beta.mean": {
            "value": 0.0002789790160022676,
            "min": 0.0002789790160022676,
            "max": 0.004743676166981459,
            "count": 10
        },
        "Jumper.IsTraining.mean": {
            "value": 1.0,
            "min": 1.0,
            "max": 1.0,
            "count": 10
        }
    },
    "metadata": {
        "timer_format_version": "0.1.0",
        "start_time_seconds": "1605794309",
        "python_version": "3.8.5 (default, Sep  3 2020, 21:29:08) [MSC v.1916 64 bit (AMD64)]",
        "command_line_arguments": "C:\\Users\\dtktu\\.conda\\envs\\unity_vr\\Scripts\\mlagents-learn Jumper-01.yml --run-id Jumper04",
        "mlagents_version": "0.20.0",
        "mlagents_envs_version": "0.20.0",
        "communication_protocol_version": "1.1.0",
        "tensorflow_version": "2.3.1",
        "numpy_version": "1.18.5",
        "end_time_seconds": "1605794829"
    },
    "total": 520.0318830000001,
    "count": 1,
    "self": 0.19932470000003377,
    "children": {
        "run_training.setup": {
            "total": 0.004995700000000047,
            "count": 1,
            "self": 0.004995700000000047
        },
        "TrainerController.start_learning": {
            "total": 519.8275626000001,
            "count": 1,
            "self": 1.2246734000069637,
            "children": {
                "TrainerController._reset_env": {
                    "total": 8.060749999999999,
                    "count": 1,
                    "self": 8.060749999999999
                },
                "TrainerController.advance": {
                    "total": 508.7120503999931,
                    "count": 57640,
                    "self": 0.5515758999931109,
                    "children": {
                        "env_step": {
                            "total": 508.16047449999996,
                            "count": 57640,
                            "self": 472.35700630000474,
                            "children": {
                                "SubprocessEnvManager._take_step": {
                                    "total": 35.17660129999551,
                                    "count": 57640,
                                    "self": 1.159417399997011,
                                    "children": {
                                        "TFPolicy.evaluate": {
                                            "total": 34.0171838999985,
                                            "count": 57345,
                                            "self": 34.0171838999985
                                        }
                                    }
                                },
                                "workers": {
                                    "total": 0.6268668999996994,
                                    "count": 57640,
                                    "self": 0.0,
                                    "children": {
                                        "worker_root": {
                                            "total": 509.8659186000046,
                                            "count": 57640,
                                            "is_parallel": true,
                                            "self": 109.1073619000025,
                                            "children": {
                                                "steps_from_proto": {
                                                    "total": 0.00025549999999974204,
                                                    "count": 1,
                                                    "is_parallel": true,
                                                    "self": 0.00013069999999881787,
                                                    "children": {
                                                        "_process_vector_observation": {
                                                            "total": 0.00012480000000092417,
                                                            "count": 2,
                                                            "is_parallel": true,
                                                            "self": 0.00012480000000092417
                                                        }
                                                    }
                                                },
                                                "UnityEnvironment.step": {
                                                    "total": 400.7583012000021,
                                                    "count": 57640,
                                                    "is_parallel": true,
                                                    "self": 3.1481826000005526,
                                                    "children": {
                                                        "UnityEnvironment._generate_step_input": {
                                                            "total": 14.077790000001137,
                                                            "count": 57640,
                                                            "is_parallel": true,
                                                            "self": 14.077790000001137
                                                        },
                                                        "communicator.exchange": {
                                                            "total": 369.6598237999976,
                                                            "count": 57640,
                                                            "is_parallel": true,
                                                            "self": 369.6598237999976
                                                        },
                                                        "steps_from_proto": {
                                                            "total": 13.872504800002833,
                                                            "count": 57640,
                                                            "is_parallel": true,