{
    "name": "root",
    "gauges": {
        "CarPooling.Policy.Entropy.mean": {
            "value": 0.5198097229003906,
            "min": 0.5002809762954712,
            "max": 0.6769424080848694,
            "count": 10
        },
        "CarPooling.Policy.ExtrinsicValueEstimate.mean": {
            "value": 0.26273471117019653,
            "min": 0.25834810733795166,
            "max": 0.39497196674346924,
            "count": 10
        },
        "CarPooling.Environment.EpisodeLength.mean": {
            "value": 1746.1724137931035,
            "min": 1658.0,
            "max": 2258.5,
            "count": 10
        },
        "CarPooling.Environment.CumulativeReward.mean": {
            "value": 5.279310442250351,
            "min": 4.690909177742221,
            "max": 7.0090910426595,
            "count": 10
        },
        "CarPooling.Policy.ExtrinsicReward.mean": {
            "value": 5.279310442250351,
            "min": 4.690909177742221,
            "max": 7.0090910426595,
            "count": 10
        },
        "CarPooling.Losses.ValueLoss.mean": {
            "value": 0.010187407955527306,
            "min": 0.00913984328508377,
            "max": 0.010393315926194191,
            "count": 10
        },
        "CarPooling.Losses.PolicyLoss.mean": {
            "value": 0.023641498759388924,
            "min": 0.021234635263681412,
            "max": 0.02698177844285965,
            "count": 10
        },
        "CarPooling.Policy.LearningRate.mean": {
            "value": 1.63392996910261e-05,
            "min": 1.63392996910261e-05,
            "max": 0.00028459064196795225,
            "count": 10
        },
        "CarPooling.Policy.Epsilon.mean": {
            "value": 0.10544641315937042,
            "min": 0.10544641315937042,
            "max": 0.19486352801322937,
            "count": 10
        },
        "CarPooling.Policy.Beta.mean": {
            "value": 0.00028177539934404194,
            "min": 0.00028177539934404194,
            "max": 0.004743690602481365,
            "count": 10
        },
        "CarPooling.IsTraining.mean": {
            "value": 1.0,
            "min": 1.0,
            "max": 1.0,
            "count": 10
        }
    },
    "metadata": {
        "timer_format_version": "0.1.0",
        "start_time_seconds": "1605726812",
        "python_version": "3.8.5 (default, Sep  3 2020, 21:29:08) [MSC v.1916 64 bit (AMD64)]",
        "command_line_arguments": "C:\\Users\\dtktu\\.conda\\envs\\unity_vr\\Scripts\\mlagents-learn jumper-config.yml --run-id jumper04",
        "mlagents_version": "0.20.0",
        "mlagents_envs_version": "0.20.0",
        "communication_protocol_version": "1.1.0",
        "tensorflow_version": "2.3.1",
        "numpy_version": "1.18.5",
        "end_time_seconds": "1605727372"
    },
    "total": 560.1137966,
    "count": 1,
    "self": 0.20363830000007965,
    "children": {
        "run_training.setup": {
            "total": 0.006001599999999829,
            "count": 1,
            "self": 0.006001599999999829
        },
        "TrainerController.start_learning": {
            "total": 559.9041566999999,
            "count": 1,
            "self": 1.599953799996797,
            "children": {
                "TrainerController._reset_env": {
                    "total": 6.898166300000001,
                    "count": 1,
                    "self": 6.898166300000001
                },
                "TrainerController.advance": {
                    "total": 549.5170468000032,
                    "count": 83454,
                    "self": 0.7277315000090994,
                    "children": {
                        "env_step": {
                            "total": 548.7893152999941,
                            "count": 83454,
                            "self": 501.63199830000235,
                            "children": {
                                "SubprocessEnvManager._take_step": {
                                    "total": 46.30453159998895,
                                    "count": 83454,
                                    "self": 1.505591799987016,
                                    "children": {
                                        "TFPolicy.evaluate": {
                                            "total": 44.79893980000193,
                                            "count": 83454,
                                            "self": 44.79893980000193
                                        }
                                    }
                                },
                                "workers": {
                                    "total": 0.8527854000027695,
                                    "count": 83454,
                                    "self": 0.0,
                                    "children": {
                                        "worker_root": {
                                            "total": 550.6485296999986,
                                            "count": 83454,
                                            "is_parallel": true,
                                            "self": 136.70356160000864,
                                            "children": {
                                                "steps_from_proto": {
                                                    "total": 0.0003166999999999476,
                                                    "count": 1,
                                                    "is_parallel": true,
                                                    "self": 0.00013869999999904792,
                                                    "children": {
                                                        "_process_vector_observation": {
                                                            "total": 0.00017800000000089966,
                                                            "count": 2,
                                                            "is_parallel": true,
                                                            "self": 0.00017800000000089966
                                                        }
                                                    }
                                                },
                                                "UnityEnvironment.step": {
                                                    "total": 413.94465139998994,
                                                    "count": 83454,
                                                    "is_parallel": true,
                                                    "self": 4.224152699992487,
                                                    "children": {
                                                        "UnityEnvironment._generate_step_input": {
                                                            "total": 16.026166299987395,
                                                            "count": 83454,
                                                            "is_parallel": true,
                                                            "self": 16.026166299987395
                                                        },
                                                        "communicator.exchange": {
                                                            "total": 374.2940798999951,
                                                            "count": 83454,
                                                            "is_parallel": true,
                                                            "self": 374.2940798999951
                                                        },
                                                        "steps_from_proto": {
                                                            "total": 19.400252500014957,
                                                            "count": 83454,
                                                            "is_parallel": true,