{"count":1,"self":9592.2962432,"total":29961.5375488,"children":{"AgentSendState":{"count":10755684,"self":272.670464,"total":2870.8026586,"children":{"CollectObservations":{"count":5945604,"self":27.7692704,"total":27.7692704,"children":null},"CollectDiscreteActionMasks":{"count":5945604,"self":26.416902399999998,"total":26.4169026,"children":null},"AgentInfo.ToProto":{"count":5945604,"self":96.6395008,"total":2543.9460266,"children":{"GenerateSensorData":{"count":5945604,"self":2259.9245824,"total":2447.3065288,"children":{"RayPerceptionSensor.Perceive":{"count":5945604,"self":187.38200319999999,"total":187.38200319999999,"children":null}}}}}}},"DecideAction":{"count":10755684,"self":17431.9517696,"total":17431.951698999997,"children":null},"AgentAct":{"count":10755684,"self":64.0060416,"total":64.00603989999999,"children":null},"AgentInfo.ToProto":{"count":6472,"self":0.1179749,"total":2.4799525,"children":{"GenerateSensorData":{"count":6472,"self":2.1605393999999998,"total":2.3619776,"children":{"RayPerceptionSensor.Perceive":{"count":6472,"self":0.20143819999999998,"total":0.20143819999999998,"children":null}}}}}},"gauges":{"Jumper.CumulativeReward":{"count":6472,"max":1474.28687,"min":-2,"runningAverage":21.5753269,"value":7.499996,"weightedAverage":132.005081}},"metadata":{"timer_format_version":"0.1.0","start_time_seconds":"1606647244","unity_version":"2019.4.10f1","command_line_arguments":"C:\\Program Files\\Unity\\Hub\\Editor\\2019.4.10f1\\Editor\\Unity.exe -projectpath D:\/Unity\/Projects\/Week 8\/machine-learning-jumper-excercise-dtkturpal -useHub -hubIPC -cloudEnvironment production -hubSessionId 0916fd60-3231-11eb-9ad9-2524cd0f7627 -accessToken DFOO3xlFeJ5pdD89FoLJPGV02ke_kWkUrAQKJyvS1Yo001f","communication_protocol_version":"1.0.0","com.unity.ml-agents_version":"1.0.5","scene_name":"SampleScene","end_time_seconds":"1606677206"}}