{"count":1,"self":679.6391936,"total":1553.6494183,"children":{"AgentSendState":{"count":902767,"self":14.023129599999999,"total":110.85066719999999,"children":{"CollectObservations":{"count":231212,"self":1.0267306999999999,"total":1.0267306999999999,"children":null},"CollectDiscreteActionMasks":{"count":231212,"self":1.0448126,"total":1.0448126,"children":null},"AgentInfo.ToProto":{"count":231212,"self":3.6271136,"total":94.755994399999992,"children":{"GenerateSensorData":{"count":231212,"self":84.392697599999991,"total":91.12888079999999,"children":{"RayPerceptionSensor.Perceive":{"count":231212,"self":6.736184,"total":6.7361838999999994,"children":null}}}}}}},"DecideAction":{"count":902767,"self":756.53355519999991,"total":756.53353359999994,"children":null},"AgentAct":{"count":902767,"self":5.0500944,"total":5.0500942,"children":null},"AgentInfo.ToProto":{"count":4279,"self":0.09596629999999999,"total":1.5739379999999998,"children":{"GenerateSensorData":{"count":4279,"self":1.3820172,"total":1.4779716999999999,"children":{"RayPerceptionSensor.Perceive":{"count":4279,"self":0.0959545,"total":0.0959545,"children":null}}}}}},"gauges":{"Jumper.CumulativeReward":{"count":4279,"max":115.0988,"min":-2,"runningAverage":0.576746166,"value":-0.9,"weightedAverage":0.1195205}},"metadata":{"timer_format_version":"0.1.0","start_time_seconds":"1606507117","unity_version":"2019.4.10f1","command_line_arguments":"C:\\Program Files\\Unity\\Hub\\Editor\\2019.4.10f1\\Editor\\Unity.exe -projectpath D:\/Unity\/Projects\/Week 8\/machine-learning-jumper-excercise-dtkturpal -useHub -hubIPC -cloudEnvironment production -hubSessionId f6ed16d0-30bc-11eb-9b81-318e65230a98 -accessToken oNIN-9bGgRZ5KgvWNTKSXvdC1k_OqifTaTpj8G4g0Zk001f","communication_protocol_version":"1.0.0","com.unity.ml-agents_version":"1.0.5","scene_name":"SampleScene","end_time_seconds":"1606508671"}}