{"count":1,"self":9841.6893952,"total":29394.6020592,"children":{"AgentSendState":{"count":11068201,"self":260.0656128,"total":2718.2557276,"children":{"CollectObservations":{"count":5723720,"self":26.9055136,"total":26.905513,"children":null},"CollectDiscreteActionMasks":{"count":5723720,"self":25.1832656,"total":25.183265,"children":null},"AgentInfo.ToProto":{"count":5723720,"self":90.316896,"total":2406.1013365999997,"children":{"GenerateSensorData":{"count":5723720,"self":2139.1925248,"total":2315.7844388,"children":{"RayPerceptionSensor.Perceive":{"count":5723720,"self":176.59199999999998,"total":176.5920008,"children":null}}}}}}},"DecideAction":{"count":11068201,"self":16765.716070399998,"total":16765.716342199998,"children":null},"AgentAct":{"count":11068201,"self":66.0692096,"total":66.069206499999993,"children":null},"AgentInfo.ToProto":{"count":7536,"self":0.14571119999999999,"total":2.8700723,"children":{"GenerateSensorData":{"count":7536,"self":2.5034158,"total":2.7243611,"children":{"RayPerceptionSensor.Perceive":{"count":7536,"self":0.22094529999999998,"total":0.22094529999999998,"children":null}}}}}},"gauges":{"Jumper.CumulativeReward":{"count":7536,"max":891.6291,"min":-2,"runningAverage":18.7967,"value":6.39999533,"weightedAverage":66.1173248}},"metadata":{"timer_format_version":"0.1.0","start_time_seconds":"1606565707","unity_version":"2019.4.10f1","command_line_arguments":"C:\\Program Files\\Unity\\Hub\\Editor\\2019.4.10f1\\Editor\\Unity.exe -projectpath D:\/Unity\/Projects\/Week 8\/machine-learning-jumper-excercise-dtkturpal -useHub -hubIPC -cloudEnvironment production -hubSessionId a443bab0-3157-11eb-b6ac-753a6e46133b -accessToken FcOY_BTqa98aF9vSpU34bzM5gZY7oX0kKZz-GJ6ZHTc001f","communication_protocol_version":"1.0.0","com.unity.ml-agents_version":"1.0.5","scene_name":"SampleScene","end_time_seconds":"1606595102"}}