{
    "name": "root",
    "gauges": {
        "CarPooling.Policy.Entropy.mean": {
            "value": 0.6104981303215027,
            "min": 0.5720770359039307,
            "max": 0.6718098521232605,
            "count": 6
        },
        "CarPooling.Policy.ExtrinsicValueEstimate.mean": {
            "value": 0.2286849468946457,
            "min": -0.30182451009750366,
            "max": 0.2286849468946457,
            "count": 6
        },
        "CarPooling.Environment.EpisodeLength.mean": {
            "value": 1779.3076923076924,
            "min": 1525.40625,
            "max": 1779.3076923076924,
            "count": 6
        },
        "CarPooling.Environment.CumulativeReward.mean": {
            "value": 5.233333433667819,
            "min": 4.550000086426735,
            "max": 5.300000098068267,
            "count": 6
        },
        "CarPooling.Policy.ExtrinsicReward.mean": {
            "value": 5.233333433667819,
            "min": 4.550000086426735,
            "max": 5.300000098068267,
            "count": 6
        },
        "CarPooling.Losses.ValueLoss.mean": {
            "value": 0.009866143576800823,
            "min": 0.00926243420690298,
            "max": 0.013853514567017555,
            "count": 6
        },
        "CarPooling.Losses.PolicyLoss.mean": {
            "value": 0.02120935544371605,
            "min": 0.02120935544371605,
            "max": 0.026511332020163536,
            "count": 6
        },
        "CarPooling.Policy.LearningRate.mean": {
            "value": 0.00013349539949558675,
            "min": 0.00013349539949558675,
            "max": 0.00028460193425416946,
            "count": 6
        },
        "CarPooling.Policy.Epsilon.mean": {
            "value": 0.14449843764305115,
            "min": 0.14449843764305115,
            "max": 0.1948672980070114,
            "count": 6
        },
        "CarPooling.Policy.Beta.mean": {
            "value": 0.0022304721642285585,
            "min": 0.0022304721642285585,
            "max": 0.004743877798318863,
            "count": 6
        },
        "CarPooling.IsTraining.mean": {
            "value": 1.0,
            "min": 1.0,
            "max": 1.0,
            "count": 6
        }
    },
    "metadata": {
        "timer_format_version": "0.1.0",
        "start_time_seconds": "1605728575",
        "python_version": "3.8.5 (default, Sep  3 2020, 21:29:08) [MSC v.1916 64 bit (AMD64)]",
        "command_line_arguments": "C:\\Users\\dtktu\\.conda\\envs\\unity_vr\\Scripts\\mlagents-learn jumper-config.yml --run-id jumper01",
        "mlagents_version": "0.20.0",
        "mlagents_envs_version": "0.20.0",
        "communication_protocol_version": "1.1.0",
        "tensorflow_version": "2.3.1",
        "numpy_version": "1.18.5",
        "end_time_seconds": "1605728968"
    },
    "total": 392.8934185,
    "count": 1,
    "self": 0.004158899999993082,
    "children": {
        "run_training.setup": {
            "total": 0.0050960000000002115,
            "count": 1,
            "self": 0.0050960000000002115
        },
        "TrainerController.start_learning": {
            "total": 392.8841636,
            "count": 1,
            "self": 0.9814068999982055,
            "children": {
                "TrainerController._reset_env": {
                    "total": 33.550286400000005,
                    "count": 1,
                    "self": 33.550286400000005
                },
                "TrainerController.advance": {
                    "total": 356.3705117000018,
                    "count": 53934,
                    "self": 0.47273040000544597,
                    "children": {
                        "env_step": {
                            "total": 355.8977812999964,
                            "count": 53934,
                            "self": 325.85131549999204,
                            "children": {
                                "SubprocessEnvManager._take_step": {
                                    "total": 29.500907900003554,
                                    "count": 53934,
                                    "self": 1.0122523999999657,
                                    "children": {
                                        "TFPolicy.evaluate": {
                                            "total": 28.48865550000359,
                                            "count": 53934,
                                            "self": 28.48865550000359
                                        }
                                    }
                                },
                                "workers": {
                                    "total": 0.545557900000766,
                                    "count": 53933,
                                    "self": 0.0,
                                    "children": {
                                        "worker_root": {
                                            "total": 357.5361145000005,
                                            "count": 53933,
                                            "is_parallel": true,
                                            "self": 87.24438599999775,
                                            "children": {
                                                "steps_from_proto": {
                                                    "total": 0.0003506999999984828,
                                                    "count": 1,
                                                    "is_parallel": true,
                                                    "self": 0.0001528999999962366,
                                                    "children": {
                                                        "_process_vector_observation": {
                                                            "total": 0.00019780000000224618,
                                                            "count": 2,
                                                            "is_parallel": true,
                                                            "self": 0.00019780000000224618
                                                        }
                                                    }
                                                },
                                                "UnityEnvironment.step": {
                                                    "total": 270.29137780000275,
                                                    "count": 53933,
                                                    "is_parallel": true,
                                                    "self": 2.6956586000000584,
                                                    "children": {
                                                        "UnityEnvironment._generate_step_input": {
                                                            "total": 10.330715999999242,
                                                            "count": 53933,
                                                            "is_parallel": true,
                                                            "self": 10.330715999999242
                                                        },
                                                        "communicator.exchange": {
                                                            "total": 244.7612486000062,
                                                            "count": 53933,
                                                            "is_parallel": true,
                                                            "self": 244.7612486000062
                                                        },
                                                        "steps_from_proto": {
                                                            "total": 12.503754599997272,
                                                            "count": 53933,
                                                            "is_parallel": true,