{
    "name": "root",
    "gauges": {
        "CarPooling.Policy.Entropy.mean": {
            "value": 0.6837721467018127,
            "min": 0.6837721467018127,
            "max": 0.6837721467018127,
            "count": 1
        },
        "CarPooling.Policy.ExtrinsicValueEstimate.mean": {
            "value": 1.4808756113052368,
            "min": 1.4808756113052368,
            "max": 1.4808756113052368,
            "count": 1
        },
        "CarPooling.Environment.EpisodeLength.mean": {
            "value": 318.6928104575163,
            "min": 318.6928104575163,
            "max": 318.6928104575163,
            "count": 1
        },
        "CarPooling.Environment.CumulativeReward.mean": {
            "value": 33.23137416052663,
            "min": 33.23137416052663,
            "max": 33.23137416052663,
            "count": 1
        },
        "CarPooling.Policy.ExtrinsicReward.mean": {
            "value": 33.23137416052663,
            "min": 33.23137416052663,
            "max": 33.23137416052663,
            "count": 1
        },
        "CarPooling.Losses.ValueLoss.mean": {
            "value": 1.175782561302185,
            "min": 1.175782561302185,
            "max": 1.175782561302185,
            "count": 1
        },
        "CarPooling.Losses.PolicyLoss.mean": {
            "value": 0.02369585633277893,
            "min": 0.02369585633277893,
            "max": 0.02369585633277893,
            "count": 1
        },
        "CarPooling.Policy.LearningRate.mean": {
            "value": 0.00028458808083087206,
            "min": 0.00028458808083087206,
            "max": 0.00028458808083087206,
            "count": 1
        },
        "CarPooling.Policy.Epsilon.mean": {
            "value": 0.19486269354820251,
            "min": 0.19486269354820251,
            "max": 0.19486269354820251,
            "count": 1
        },
        "CarPooling.Policy.Beta.mean": {
            "value": 0.00474364822730422,
            "min": 0.00474364822730422,
            "max": 0.00474364822730422,
            "count": 1
        },
        "CarPooling.IsTraining.mean": {
            "value": 1.0,
            "min": 1.0,
            "max": 1.0,
            "count": 1
        }
    },
    "metadata": {
        "timer_format_version": "0.1.0",
        "start_time_seconds": "1605725235",
        "python_version": "3.8.5 (default, Sep  3 2020, 21:29:08) [MSC v.1916 64 bit (AMD64)]",
        "command_line_arguments": "C:\\Users\\dtktu\\.conda\\envs\\unity_vr\\Scripts\\mlagents-learn jumper-config.yml --run-id jumper01",
        "mlagents_version": "0.20.0",
        "mlagents_envs_version": "0.20.0",
        "communication_protocol_version": "1.1.0",
        "tensorflow_version": "2.3.1",
        "numpy_version": "1.18.5",
        "end_time_seconds": "1605725325"
    },
    "total": 90.0354672,
    "count": 1,
    "self": 0.004123200000009319,
    "children": {
        "run_training.setup": {
            "total": 0.00546319999999989,
            "count": 1,
            "self": 0.00546319999999989
        },
        "TrainerController.start_learning": {
            "total": 90.0258808,
            "count": 1,
            "self": 0.18995280000019932,
            "children": {
                "TrainerController._reset_env": {
                    "total": 6.583366099999999,
                    "count": 1,
                    "self": 6.583366099999999
                },
                "TrainerController.advance": {
                    "total": 81.4049892999998,
                    "count": 9285,
                    "self": 0.08951219999939042,
                    "children": {
                        "env_step": {
                            "total": 81.31547710000041,
                            "count": 9285,
                            "self": 75.8949732999999,
                            "children": {
                                "SubprocessEnvManager._take_step": {
                                    "total": 5.322724800000163,
                                    "count": 9285,
                                    "self": 0.17877120000023972,
                                    "children": {
                                        "TFPolicy.evaluate": {
                                            "total": 5.143953599999923,
                                            "count": 9128,
                                            "self": 5.143953599999923
                                        }
                                    }
                                },
                                "workers": {
                                    "total": 0.09777900000034556,
                                    "count": 9284,
                                    "self": 0.0,
                                    "children": {
                                        "worker_root": {
                                            "total": 82.54612800000025,
                                            "count": 9284,
                                            "is_parallel": true,
                                            "self": 16.29382080000063,
                                            "children": {
                                                "steps_from_proto": {
                                                    "total": 0.0003209000000001794,
                                                    "count": 1,
                                                    "is_parallel": true,
                                                    "self": 0.00013670000000054472,
                                                    "children": {
                                                        "_process_vector_observation": {
                                                            "total": 0.00018419999999963466,
                                                            "count": 2,
                                                            "is_parallel": true,
                                                            "self": 0.00018419999999963466
                                                        }
                                                    }
                                                },
                                                "UnityEnvironment.step": {
                                                    "total": 66.25198629999961,
                                                    "count": 9284,
                                                    "is_parallel": true,
                                                    "self": 0.49206599999897094,
                                                    "children": {
                                                        "UnityEnvironment._generate_step_input": {
                                                            "total": 1.787813400000088,
                                                            "count": 9284,
                                                            "is_parallel": true,
                                                            "self": 1.787813400000088
                                                        },
                                                        "communicator.exchange": {
                                                            "total": 61.736681100000034,
                                                            "count": 9284,
                                                            "is_parallel": true,
                                                            "self": 61.736681100000034
                                                        },
                                                        "steps_from_proto": {
                                                            "total": 2.2354258000005194,
                                                            "count": 9284,
                                                            "is_parallel": true,