{
    "name": "root",
    "gauges": {
        "Jumper.Policy.Entropy.mean": {
            "value": 0.1312033087015152,
            "min": 0.1312033087015152,
            "max": 0.6545881032943726,
            "count": 4
        },
        "Jumper.Environment.EpisodeLength.mean": {
            "value": 160.74172185430464,
            "min": 18.422912621359224,
            "max": 160.74172185430464,
            "count": 4
        },
        "Jumper.Policy.ExtrinsicValueEstimate.mean": {
            "value": -0.48389872908592224,
            "min": -0.5751516819000244,
            "max": -0.35460105538368225,
            "count": 4
        },
        "Jumper.Environment.CumulativeReward.mean": {
            "value": -0.7594059296812948,
            "min": -0.7844357872828744,
            "max": -0.7508935402462255,
            "count": 4
        },
        "Jumper.Policy.ExtrinsicReward.mean": {
            "value": -0.7594059296812948,
            "min": -0.7844357872828744,
            "max": -0.7508935402462255,
            "count": 4
        },
        "Jumper.Losses.ValueLoss.mean": {
            "value": 0.012257808819413185,
            "min": 0.012257808819413185,
            "max": 0.1364068239927292,
            "count": 4
        },
        "Jumper.Losses.PolicyLoss.mean": {
            "value": 0.021904993802309036,
            "min": 0.02139493264257908,
            "max": 0.0270480215549469,
            "count": 4
        },
        "Jumper.Policy.LearningRate.mean": {
            "value": 0.00019532236910890788,
            "min": 0.00019532236910890788,
            "max": 0.0002846153802238405,
            "count": 4
        },
        "Jumper.Policy.Epsilon.mean": {
            "value": 0.16510741412639618,
            "min": 0.16510741412639618,
            "max": 0.19487179815769196,
            "count": 4
        },
        "Jumper.Policy.Beta.mean": {
            "value": 0.0032588616013526917,
            "min": 0.0032588616013526917,
            "max": 0.004744102247059345,
            "count": 4
        },
        "Jumper.IsTraining.mean": {
            "value": 1.0,
            "min": 1.0,
            "max": 1.0,
            "count": 4
        }
    },
    "metadata": {
        "timer_format_version": "0.1.0",
        "start_time_seconds": "1605792092",
        "python_version": "3.8.5 (default, Sep  3 2020, 21:29:08) [MSC v.1916 64 bit (AMD64)]",
        "command_line_arguments": "C:\\Users\\dtktu\\.conda\\envs\\unity_vr\\Scripts\\mlagents-learn Jumper-01.yml --run-id Jumper01",
        "mlagents_version": "0.20.0",
        "mlagents_envs_version": "0.20.0",
        "communication_protocol_version": "1.1.0",
        "tensorflow_version": "2.3.1",
        "numpy_version": "1.18.5",
        "end_time_seconds": "1605792997"
    },
    "total": 904.5932467,
    "count": 1,
    "self": 0.004293500000017048,
    "children": {
        "run_training.setup": {
            "total": 0.006559899999999175,
            "count": 1,
            "self": 0.006559899999999175
        },
        "TrainerController.start_learning": {
            "total": 904.5823933,
            "count": 1,
            "self": 2.958837399975664,
            "children": {
                "TrainerController._reset_env": {
                    "total": 8.799205100000002,
                    "count": 1,
                    "self": 8.799205100000002
                },
                "TrainerController.advance": {
                    "total": 890.8902775000245,
                    "count": 152370,
                    "self": 1.3581300000234933,
                    "children": {
                        "env_step": {
                            "total": 889.532147500001,
                            "count": 152370,
                            "self": 816.0124686999781,
                            "children": {
                                "SubprocessEnvManager._take_step": {
                                    "total": 71.89527810001022,
                                    "count": 152370,
                                    "self": 2.4141692999745317,
                                    "children": {
                                        "TFPolicy.evaluate": {
                                            "total": 69.48110880003568,
                                            "count": 149276,
                                            "self": 69.48110880003568
                                        }
                                    }
                                },
                                "workers": {
                                    "total": 1.6244007000126857,
                                    "count": 152369,
                                    "self": 0.0,
                                    "children": {
                                        "worker_root": {
                                            "total": 892.238441199996,
                                            "count": 152369,
                                            "is_parallel": true,
                                            "self": 182.0146815999767,
                                            "children": {
                                                "steps_from_proto": {
                                                    "total": 0.00038529999999958875,
                                                    "count": 1,
                                                    "is_parallel": true,
                                                    "self": 0.0001731000000004812,
                                                    "children": {
                                                        "_process_vector_observation": {
                                                            "total": 0.00021219999999910755,
                                                            "count": 2,
                                                            "is_parallel": true,
                                                            "self": 0.00021219999999910755
                                                        }
                                                    }
                                                },
                                                "UnityEnvironment.step": {
                                                    "total": 710.2233743000194,
                                                    "count": 152369,
                                                    "is_parallel": true,
                                                    "self": 6.810473300055378,
                                                    "children": {
                                                        "UnityEnvironment._generate_step_input": {
                                                            "total": 13.816368499996358,
                                                            "count": 152369,
                                                            "is_parallel": true,
                                                            "self": 13.816368499996358
                                                        },
                                                        "communicator.exchange": {
                                                            "total": 665.2890402999752,
                                                            "count": 152369,
                                                            "is_parallel": true,
                                                            "self": 665.2890402999752
                                                        },
                                                        "steps_from_proto": {
                                                            "total": 24.30749219999248,
                                                            "count": 152369,
                                                            "is_parallel": true,