{
    "name": "root",
    "metadata": {
        "timer_format_version": "0.1.0",
        "start_time_seconds": "1606506337",
        "python_version": "3.8.5 (default, Sep  3 2020, 21:29:08) [MSC v.1916 64 bit (AMD64)]",
        "command_line_arguments": "C:\\Users\\dtktu\\.conda\\envs\\unity_vr\\Scripts\\mlagents-learn Jumper-01.yml --run-id Jumper07",
        "mlagents_version": "0.20.0",
        "mlagents_envs_version": "0.20.0",
        "communication_protocol_version": "1.1.0",
        "tensorflow_version": "2.3.1",
        "numpy_version": "1.18.5",
        "end_time_seconds": "1606506422"
    },
    "total": 85.0134312,
    "count": 1,
    "self": 0.00471880000000624,
    "children": {
        "run_training.setup": {
            "total": 0.005912700000000104,
            "count": 1,
            "self": 0.005912700000000104
        },
        "TrainerController.start_learning": {
            "total": 85.0027997,
            "count": 1,
            "self": 0.18251040000025398,
            "children": {
                "TrainerController._reset_env": {
                    "total": 7.793295,
                    "count": 1,
                    "self": 7.793295
                },
                "TrainerController.advance": {
                    "total": 73.97145119999975,
                    "count": 8558,
                    "self": 0.07667219999984809,
                    "children": {
                        "env_step": {
                            "total": 73.8947789999999,
                            "count": 8558,
                            "self": 69.8187232,
                            "children": {
                                "SubprocessEnvManager._take_step": {
                                    "total": 3.9889330000000776,
                                    "count": 8558,
                                    "self": 0.13655480000028675,
                                    "children": {
                                        "TFPolicy.evaluate": {
                                            "total": 3.852378199999791,
                                            "count": 8292,
                                            "self": 3.852378199999791
                                        }
                                    }
                                },
                                "workers": {
                                    "total": 0.08712279999982897,
                                    "count": 8557,
                                    "self": 0.0,
                                    "children": {
                                        "worker_root": {
                                            "total": 75.6579983000002,
                                            "count": 8557,
                                            "is_parallel": true,
                                            "self": 11.057295700000239,
                                            "children": {
                                                "steps_from_proto": {
                                                    "total": 0.0002846999999999156,
                                                    "count": 1,
                                                    "is_parallel": true,
                                                    "self": 0.00012550000000022266,
                                                    "children": {
                                                        "_process_vector_observation": {
                                                            "total": 0.00015919999999969292,
                                                            "count": 4,
                                                            "is_parallel": true,
                                                            "self": 0.00015919999999969292
                                                        }
                                                    }
                                                },
                                                "UnityEnvironment.step": {
                                                    "total": 64.60041789999997,
                                                    "count": 8557,
                                                    "is_parallel": true,
                                                    "self": 0.39292439999955775,
                                                    "children": {
                                                        "UnityEnvironment._generate_step_input": {
                                                            "total": 0.7139171000004048,
                                                            "count": 8557,
                                                            "is_parallel": true,
                                                            "self": 0.7139171000004048
                                                        },
                                                        "communicator.exchange": {
                                                            "total": 61.736513700000096,
                                                            "count": 8557,
                                                            "is_parallel": true,
                                                            "self": 61.736513700000096
                                                        },
                                                        "steps_from_proto": {
                                                            "total": 1.7570626999999082,
                                                            "count": 8557,
                                                            "is_parallel": true,
                                                            "self": 0.8903145000004562,
                                                            "children": {
                                                                "_process_vector_observation": {
                                                                    "total": 0.866748199999452,
                                                                    "count": 34228,
                                                                    "is_parallel": true,
                                                                    "self": 0.866748199999452
                                                                }
                                                            }
                                                        }
                                                    }
                                                }
                                            }
                                        }
                                    }
                                }
                            }
                        }
                    }
                },
                "trainer_threads": {
                    "total": 2.3299999995174403e-05,
                    "count": 1,
                    "self": 2.3299999995174403e-05,
                    "children": {
                        "thread_root": {
                            "total": 0.0,
                            "count": 0,
                            "is_parallel": true,
                            "self": 0.0,
                            "children": {
                                "trainer_advance": {
                                    "total": 74.0741696000002,
                                    "count": 5094,
                                    "is_parallel": true,
                                    "self": 0.1701823000001923,
                                    "children": {
                                        "process_trajectory": {
                                            "total": 73.90398730000001,
                                            "count": 5094,
                                            "is_parallel": true,