{
    "name": "root",
    "metadata": {
        "timer_format_version": "0.1.0",
        "start_time_seconds": "1605572859",
        "python_version": "3.8.5 (default, Sep  3 2020, 21:29:08) [MSC v.1916 64 bit (AMD64)]",
        "command_line_arguments": "C:\\Users\\dtktu\\.conda\\envs\\unity_vr\\Scripts\\mlagents-learn jumper-config.yml --run-id jumper11",
        "mlagents_version": "0.20.0",
        "mlagents_envs_version": "0.20.0",
        "communication_protocol_version": "1.1.0",
        "tensorflow_version": "2.3.1",
        "numpy_version": "1.18.5",
        "end_time_seconds": "1605572904"
    },
    "total": 45.5199056,
    "count": 1,
    "self": 0.004753000000008001,
    "children": {
        "run_training.setup": {
            "total": 0.005636799999999997,
            "count": 1,
            "self": 0.005636799999999997
        },
        "TrainerController.start_learning": {
            "total": 45.509515799999996,
            "count": 1,
            "self": 0.13304199999982558,
            "children": {
                "TrainerController._reset_env": {
                    "total": 8.2686406,
                    "count": 1,
                    "self": 8.2686406
                },
                "TrainerController.advance": {
                    "total": 35.04354420000016,
                    "count": 6486,
                    "self": 0.05713130000020783,
                    "children": {
                        "env_step": {
                            "total": 34.986412899999955,
                            "count": 6486,
                            "self": 32.027990200000076,
                            "children": {
                                "SubprocessEnvManager._take_step": {
                                    "total": 2.8932674000001946,
                                    "count": 6486,
                                    "self": 0.1021042000002339,
                                    "children": {
                                        "TFPolicy.evaluate": {
                                            "total": 2.7911631999999607,
                                            "count": 6357,
                                            "self": 2.7911631999999607
                                        }
                                    }
                                },
                                "workers": {
                                    "total": 0.0651552999996845,
                                    "count": 6485,
                                    "self": 0.0,
                                    "children": {
                                        "worker_root": {
                                            "total": 36.14394259999979,
                                            "count": 6485,
                                            "is_parallel": true,
                                            "self": 7.9005889999996555,
                                            "children": {
                                                "steps_from_proto": {
                                                    "total": 0.00025760000000030203,
                                                    "count": 1,
                                                    "is_parallel": true,
                                                    "self": 0.00013020000000008025,
                                                    "children": {
                                                        "_process_vector_observation": {
                                                            "total": 0.00012740000000022178,
                                                            "count": 2,
                                                            "is_parallel": true,
                                                            "self": 0.00012740000000022178
                                                        }
                                                    }
                                                },
                                                "UnityEnvironment.step": {
                                                    "total": 28.243096000000133,
                                                    "count": 6485,
                                                    "is_parallel": true,
                                                    "self": 0.2824440000003179,
                                                    "children": {
                                                        "UnityEnvironment._generate_step_input": {
                                                            "total": 0.5222369999998069,
                                                            "count": 6485,
                                                            "is_parallel": true,
                                                            "self": 0.5222369999998069
                                                        },
                                                        "communicator.exchange": {
                                                            "total": 26.40159409999988,
                                                            "count": 6485,
                                                            "is_parallel": true,
                                                            "self": 26.40159409999988
                                                        },
                                                        "steps_from_proto": {
                                                            "total": 1.0368209000001265,
                                                            "count": 6485,
                                                            "is_parallel": true,
                                                            "self": 0.6132204999998692,
                                                            "children": {
                                                                "_process_vector_observation": {
                                                                    "total": 0.42360040000025734,
                                                                    "count": 12970,
                                                                    "is_parallel": true,
                                                                    "self": 0.42360040000025734
                                                                }
                                                            }
                                                        }
                                                    }
                                                }
                                            }
                                        }
                                    }
                                }
                            }
                        }
                    }
                },
                "trainer_threads": {
                    "total": 1.5500000003498826e-05,
                    "count": 1,
                    "self": 1.5500000003498826e-05,
                    "children": {
                        "thread_root": {
                            "total": 0.0,
                            "count": 0,
                            "is_parallel": true,
                            "self": 0.0,
                            "children": {
                                "trainer_advance": {
                                    "total": 35.14478659999991,
                                    "count": 2405,
                                    "is_parallel": true,
                                    "self": 0.07510269999995245,
                                    "children": {
                                        "process_trajectory": {
                                            "total": 35.06968389999996,
                                            "count": 2405,
                                            "is_parallel": true,