{
    "name": "root",
    "metadata": {
        "timer_format_version": "0.1.0",
        "start_time_seconds": "1605793026",
        "python_version": "3.8.5 (default, Sep  3 2020, 21:29:08) [MSC v.1916 64 bit (AMD64)]",
        "command_line_arguments": "C:\\Users\\dtktu\\.conda\\envs\\unity_vr\\Scripts\\mlagents-learn Jumper-01.yml --run-id Jumper02",
        "mlagents_version": "0.20.0",
        "mlagents_envs_version": "0.20.0",
        "communication_protocol_version": "1.1.0",
        "tensorflow_version": "2.3.1",
        "numpy_version": "1.18.5",
        "end_time_seconds": "1605793093"
    },
    "total": 67.4140583,
    "count": 1,
    "self": 0.004126299999995808,
    "children": {
        "run_training.setup": {
            "total": 0.005208700000000066,
            "count": 1,
            "self": 0.005208700000000066
        },
        "TrainerController.start_learning": {
            "total": 67.4047233,
            "count": 1,
            "self": 0.14088160000024175,
            "children": {
                "TrainerController._reset_env": {
                    "total": 12.9885765,
                    "count": 1,
                    "self": 12.9885765
                },
                "TrainerController.advance": {
                    "total": 52.04085469999976,
                    "count": 6730,
                    "self": 0.05961129999970183,
                    "children": {
                        "env_step": {
                            "total": 51.98124340000006,
                            "count": 6730,
                            "self": 48.843556100000654,
                            "children": {
                                "SubprocessEnvManager._take_step": {
                                    "total": 3.0679664999995673,
                                    "count": 6730,
                                    "self": 0.10397939999952577,
                                    "children": {
                                        "TFPolicy.evaluate": {
                                            "total": 2.9639871000000415,
                                            "count": 6431,
                                            "self": 2.9639871000000415
                                        }
                                    }
                                },
                                "workers": {
                                    "total": 0.06972079999983904,
                                    "count": 6729,
                                    "self": 0.0,
                                    "children": {
                                        "worker_root": {
                                            "total": 53.14054360000013,
                                            "count": 6729,
                                            "is_parallel": true,
                                            "self": 8.341080799999858,
                                            "children": {
                                                "steps_from_proto": {
                                                    "total": 0.0002500999999988096,
                                                    "count": 1,
                                                    "is_parallel": true,
                                                    "self": 0.0001333999999992841,
                                                    "children": {
                                                        "_process_vector_observation": {
                                                            "total": 0.00011669999999952552,
                                                            "count": 2,
                                                            "is_parallel": true,
                                                            "self": 0.00011669999999952552
                                                        }
                                                    }
                                                },
                                                "UnityEnvironment.step": {
                                                    "total": 44.799212700000275,
                                                    "count": 6729,
                                                    "is_parallel": true,
                                                    "self": 0.3024027000002718,
                                                    "children": {
                                                        "UnityEnvironment._generate_step_input": {
                                                            "total": 0.5507585999997957,
                                                            "count": 6729,
                                                            "is_parallel": true,
                                                            "self": 0.5507585999997957
                                                        },
                                                        "communicator.exchange": {
                                                            "total": 42.883239400000164,
                                                            "count": 6729,
                                                            "is_parallel": true,
                                                            "self": 42.883239400000164
                                                        },
                                                        "steps_from_proto": {
                                                            "total": 1.0628120000000418,
                                                            "count": 6729,
                                                            "is_parallel": true,
                                                            "self": 0.6512987000001118,
                                                            "children": {
                                                                "_process_vector_observation": {
                                                                    "total": 0.41151329999993,
                                                                    "count": 13458,
                                                                    "is_parallel": true,
                                                                    "self": 0.41151329999993
                                                                }
                                                            }
                                                        }
                                                    }
                                                }
                                            }
                                        }
                                    }
                                }
                            }
                        }
                    }
                },
                "trainer_threads": {
                    "total": 1.6200000004573667e-05,
                    "count": 1,
                    "self": 1.6200000004573667e-05,
                    "children": {
                        "thread_root": {
                            "total": 0.0,
                            "count": 0,
                            "is_parallel": true,
                            "self": 0.0,
                            "children": {
                                "trainer_advance": {
                                    "total": 52.1304109999999,
                                    "count": 3727,
                                    "is_parallel": true,
                                    "self": 0.1208978999999033,
                                    "children": {
                                        "process_trajectory": {
                                            "total": 52.0095131,
                                            "count": 3727,
                                            "is_parallel": true,