{
    "name": "root",
    "gauges": {
        "CarPooling.Policy.Entropy.mean": {
            "value": 0.12033743411302567,
            "min": 0.12033743411302567,
            "max": 0.6344464421272278,
            "count": 10
        },
        "CarPooling.Policy.ExtrinsicValueEstimate.mean": {
            "value": 0.8718985915184021,
            "min": 0.12851256132125854,
            "max": 0.8718985915184021,
            "count": 10
        },
        "CarPooling.Environment.EpisodeLength.mean": {
            "value": 292.5176470588235,
            "min": 288.9011627906977,
            "max": 303.1411042944785,
            "count": 10
        },
        "CarPooling.Environment.CumulativeReward.mean": {
            "value": 3.8352941527962683,
            "min": 3.286503113943375,
            "max": 3.8352941527962683,
            "count": 10
        },
        "CarPooling.Policy.ExtrinsicReward.mean": {
            "value": 3.8352941527962683,
            "min": 3.286503113943375,
            "max": 3.8352941527962683,
            "count": 10
        },
        "CarPooling.Losses.ValueLoss.mean": {
            "value": 0.06454556435346603,
            "min": 0.023612450808286667,
            "max": 0.06454556435346603,
            "count": 10
        },
        "CarPooling.Losses.PolicyLoss.mean": {
            "value": 0.02468765899538994,
            "min": 0.021541040390729904,
            "max": 0.02567235752940178,
            "count": 10
        },
        "CarPooling.Policy.LearningRate.mean": {
            "value": 1.657245957176201e-05,
            "min": 1.657245957176201e-05,
            "max": 0.000284599227597937,
            "count": 10
        },
        "CarPooling.Policy.Epsilon.mean": {
            "value": 0.10552412271499634,
            "min": 0.10552412271499634,
            "max": 0.19486641883850098,
            "count": 10
        },
        "CarPooling.Policy.Beta.mean": {
            "value": 0.0002856536884792149,
            "min": 0.0002856536884792149,
            "max": 0.004743833094835281,
            "count": 10
        },
        "CarPooling.IsTraining.mean": {
            "value": 1.0,
            "min": 1.0,
            "max": 1.0,
            "count": 10
        }
    },
    "metadata": {
        "timer_format_version": "0.1.0",
        "start_time_seconds": "1605725400",
        "python_version": "3.8.5 (default, Sep  3 2020, 21:29:08) [MSC v.1916 64 bit (AMD64)]",
        "command_line_arguments": "C:\\Users\\dtktu\\.conda\\envs\\unity_vr\\Scripts\\mlagents-learn jumper-config.yml --run-id jumper02",
        "mlagents_version": "0.20.0",
        "mlagents_envs_version": "0.20.0",
        "communication_protocol_version": "1.1.0",
        "tensorflow_version": "2.3.1",
        "numpy_version": "1.18.5",
        "end_time_seconds": "1605726125"
    },
    "total": 725.1314589,
    "count": 1,
    "self": 0.21565799999996216,
    "children": {
        "run_training.setup": {
            "total": 0.005482300000000162,
            "count": 1,
            "self": 0.005482300000000162
        },
        "TrainerController.start_learning": {
            "total": 724.9103186,
            "count": 1,
            "self": 1.6831417000007605,
            "children": {
                "TrainerController._reset_env": {
                    "total": 7.6969983,
                    "count": 1,
                    "self": 7.6969983
                },
                "TrainerController.advance": {
                    "total": 713.5490641999992,
                    "count": 85028,
                    "self": 0.8084795999963035,
                    "children": {
                        "env_step": {
                            "total": 712.7405846000029,
                            "count": 85028,
                            "self": 664.1403637000052,
                            "children": {
                                "SubprocessEnvManager._take_step": {
                                    "total": 47.679532699998056,
                                    "count": 85028,
                                    "self": 1.6215322999998634,
                                    "children": {
                                        "TFPolicy.evaluate": {
                                            "total": 46.05800039999819,
                                            "count": 83433,
                                            "self": 46.05800039999819
                                        }
                                    }
                                },
                                "workers": {
                                    "total": 0.9206881999996366,
                                    "count": 85028,
                                    "self": 0.0,
                                    "children": {
                                        "worker_root": {
                                            "total": 714.7327599000172,
                                            "count": 85028,
                                            "is_parallel": true,
                                            "self": 141.38777970000876,
                                            "children": {
                                                "steps_from_proto": {
                                                    "total": 0.0003321999999998937,
                                                    "count": 1,
                                                    "is_parallel": true,
                                                    "self": 0.00014219999999909305,
                                                    "children": {
                                                        "_process_vector_observation": {
                                                            "total": 0.00019000000000080064,
                                                            "count": 2,
                                                            "is_parallel": true,
                                                            "self": 0.00019000000000080064
                                                        }
                                                    }
                                                },
                                                "UnityEnvironment.step": {
                                                    "total": 573.3446480000084,
                                                    "count": 85028,
                                                    "is_parallel": true,
                                                    "self": 4.482548200009319,
                                                    "children": {
                                                        "UnityEnvironment._generate_step_input": {
                                                            "total": 16.40082579999885,
                                                            "count": 85028,
                                                            "is_parallel": true,
                                                            "self": 16.40082579999885
                                                        },
                                                        "communicator.exchange": {
                                                            "total": 531.8959893999987,
                                                            "count": 85028,
                                                            "is_parallel": true,
                                                            "self": 531.8959893999987
                                                        },
                                                        "steps_from_proto": {
                                                            "total": 20.565284600001547,
                                                            "count": 85028,
                                                            "is_parallel": true,